epoch,accuracy,loss,val_accuracy,val_loss
0,0.918181836605072,0.27137669920921326,0.8676470518112183,0.37943515181541443
0,0.9363636374473572,0.2368525266647339,0.8676470518112183,0.3718520402908325
0,0.9727272987365723,0.20358839631080627,0.8676470518112183,0.3648614287376404
0,0.9818181991577148,0.1756158471107483,0.8676470518112183,0.3586792051792145
1,0.9363636374473572,0.23907998204231262,0.8529411554336548,0.3620983064174652
