epoch,accuracy,loss,val_accuracy,val_loss
0,0.8999999761581421,0.29767268896102905,0.8382353186607361,0.3862095773220062
